{
	"IcoMoonType": "selection",
	"icons": [
		{
			"icon": {
				"paths": [
					"M85.333 0v1024h853.333v-1024h-853.333zM853.333 938.667h-682.667v-853.333h682.667v853.333zM810.667 170.667h-128v-42.667h-341.333v42.667h-128v725.333h597.333v-725.333zM384 170.667h256v42.667h-256v-42.667zM768 853.333h-512v-640h85.333v42.667h341.333v-42.667h85.333v640zM298.667 384h384v-85.333h-384v85.333zM298.667 469.333h384v-42.667h-384v42.667zM298.667 554.667h384v-42.667h-384v42.667zM298.667 640h384v-42.667h-384v42.667zM298.667 725.333h170.667v-42.667h-170.667v42.667z"
				],
				"attrs": [],
				"tags": [
					"clipboard",
					"list"
				],
				"grid": 24
			},
			"attrs": [],
			"properties": {
				"id": 127,
				"order": 2,
				"prevSize": 24,
				"code": 58880,
				"name": "clipboard",
				"ligatures": ""
			},
			"setIdx": 0,
			"iconIdx": 127
		},
		{
			"icon": {
				"paths": [
					"M550.827 25.771l-375.424 670.080 1.92 0.981 18.987 301.397 275.072-136.619 1.749 0.981 375.424-670.037-297.728-166.784zM258.347 891.733l-2.603-150.997 136.491 76.501-133.888 74.496zM440.405 746.496l-148.821-83.413 229.419-409.472 148.907 83.371-229.504 409.515zM541.824 216.363l41.771-74.453 148.821 83.413-41.685 74.411-148.907-83.371z"
				],
				"attrs": [],
				"tags": [
					"pencil",
					"edit",
					"write",
					"blog"
				],
				"grid": 24
			},
			"attrs": [],
			"properties": {
				"id": 137,
				"order": 3,
				"prevSize": 24,
				"code": 58881,
				"name": "pencil",
				"ligatures": ""
			},
			"setIdx": 0,
			"iconIdx": 137
		}
	],
	"height": 1024,
	"metadata": {
		"name": "icomoon"
	},
	"preferences": {
		"showGlyphs": true,
		"showQuickUse": true,
		"showQuickUse2": true,
		"showSVGs": true,
		"fontPref": {
			"prefix": "icon-",
			"metadata": {
				"fontFamily": "icomoon"
			},
			"metrics": {
				"emSize": 1024,
				"baseline": 6.25,
				"whitespace": 50
			}
		},
		"imagePref": {
			"prefix": "icon-",
			"png": true,
			"useClassSelector": true
		},
		"historySize": 100,
		"showCodes": true,
		"search": ""
	}
}